transition,speed_fast_mps,speed_slow_mps,pace_fast_min_per_km,pace_slow_min_per_km,drop_mean,drop_sd,n,n_subjects_max_here,pct_subjects_max_here,ratio_vs_5_to_4
5.0->4.0,5.0,4.0,3:20,4:10,0.014994750766332015,0.009912599856151396,17,4,23.52941176470588,1.0
4.0->3.33,4.0,3.33,4:10,5:00,0.02016195270904025,0.019002222116938465,17,4,23.52941176470588,1.3446007221614011
3.33->3.0,3.33,3.0,5:00,5:33,0.03835346562833014,0.03862237569309313,17,6,35.294117647058826,2.557792805362652
3.0->2.78,3.0,2.78,5:33,6:00,0.01654086832623755,0.021467304243345087,17,3,17.647058823529413,1.1031105874315073
